file,speaker,emotion,split
EMOITA/data/1617135480050.wav,speaker_413,anger,test
EMOITA/data/1613586149044.wav,speaker_307,anger,test
EMOITA/data/1617135448748.wav,speaker_413,anger,test
EMOITA/data/1616505237674.wav,speaker_168,anger,test
EMOITA/data/1614359087222.wav,speaker_091,anger,test
EMOITA/data/1614205014579.wav,speaker_077,anger,test
EMOITA/data/1616245944988.wav,speaker_282,anger,test
EMOITA/data/1616504932463.wav,speaker_168,anger,test
EMOITA/data/1616239435827.wav,speaker_398,anger,test
EMOITA/data/1613463231526.wav,speaker_278,anger,test
EMOITA/data/1615999986658.wav,speaker_180,anger,test
EMOITA/data/1616504852610.wav,speaker_168,anger,test
EMOITA/data/1613311223626.wav,speaker_214,anger,test
EMOITA/data/1616505037616.wav,speaker_168,anger,test
EMOITA/data/1616872267044.wav,speaker_180,anger,test
EMOITA/data/1614205702202.wav,speaker_077,anger,test
EMOITA/data/1613384642730.wav,speaker_253,anger,test
EMOITA/data/1613061095333.wav,speaker_186,anger,test
EMOITA/data/1613840545270.wav,speaker_004,anger,test
EMOITA/data/1613746052868.wav,speaker_030,anger,test
EMOITA/data/1613320336898.wav,speaker_227,anger,test
EMOITA/data/1616239399170.wav,speaker_398,anger,test
EMOITA/data/1613051910086.wav,speaker_168,anger,test
EMOITA/data/1615231693058.wav,speaker_359,anger,test
EMOITA/data/1614329620753.wav,speaker_054,anger,test
EMOITA/data/1613064363995.wav,speaker_191,anger,test
EMOITA/data/1617550215904.wav,speaker_415,anger,test
EMOITA/data/1613420143686.wav,speaker_273,anger,test
EMOITA/data/1616504958104.wav,speaker_168,anger,test
EMOITA/data/1616239460538.wav,speaker_398,anger,test
EMOITA/data/1616245034516.wav,speaker_282,anger,test
EMOITA/data/1613668829117.wav,speaker_319,anger,test
EMOITA/data/1613314993434.wav,speaker_215,anger,test
EMOITA/data/1614329848561.wav,speaker_054,anger,test
EMOITA/data/1613064506033.wav,speaker_191,anger,test
EMOITA/data/1613401909347.wav,speaker_256,anger,test
EMOITA/data/1614082226999.wav,speaker_038,anger,test
EMOITA/data/1613311195093.wav,speaker_214,anger,test
EMOITA/data/1616251830118.wav,speaker_282,anger,test
EMOITA/data/1616505259462.wav,speaker_168,anger,test
EMOITA/data/1613821795280.wav,speaker_001,anger,test
EMOITA/data/1613401647366.wav,speaker_256,anger,test
EMOITA/data/1613061856761.wav,speaker_187,anger,test
EMOITA/data/1617135517647.wav,speaker_413,anger,test
EMOITA/data/1613303223093.wav,speaker_210,anger,test
EMOITA/data/1617270841776.wav,speaker_118,anger,test
EMOITA/data/1616239453882.wav,speaker_398,anger,test
EMOITA/data/1614271652437.wav,speaker_288,anger,test
EMOITA/data/1616239678898.wav,speaker_398,anger,test
EMOITA/data/1616244411160.wav,speaker_282,anger,test
EMOITA/data/1613822120180.wav,speaker_001,anger,test
EMOITA/data/1615307884564.wav,speaker_363,anger,test
EMOITA/data/1613491057760.wav,speaker_284,anger,test
EMOITA/data/1616245350688.wav,speaker_282,anger,test
EMOITA/data/1613311216370.wav,speaker_214,anger,test
EMOITA/data/1616244925310.wav,speaker_282,anger,test
EMOITA/data/1616872322502.wav,speaker_180,anger,test
EMOITA/data/1613401349492.wav,speaker_256,anger,test
EMOITA/data/1616000038945.wav,speaker_180,anger,test
EMOITA/data/1613323097722.wav,speaker_228,anger,test
EMOITA/data/1616239486870.wav,speaker_398,anger,test
EMOITA/data/1613840896459.wav,speaker_004,anger,test
EMOITA/data/1613346707191.wav,speaker_250,anger,test
EMOITA/data/1614121638026.wav,speaker_145,anger,test
EMOITA/data/1614329741523.wav,speaker_054,anger,test
EMOITA/data/1613412550396.wav,speaker_267,anger,test
EMOITA/data/1620211149339.wav,speaker_180,anger,test
EMOITA/data/1614266573804.wav,speaker_051,anger,test
EMOITA/data/1614266270199.wav,speaker_051,anger,test
EMOITA/data/1616239715963.wav,speaker_398,anger,test
EMOITA/data/1617550882179.wav,speaker_415,anger,test
EMOITA/data/1614266464443.wav,speaker_051,anger,test
EMOITA/data/1617270902455.wav,speaker_118,anger,test
EMOITA/data/1616239663391.wav,speaker_398,anger,test
EMOITA/data/1614205695846.wav,speaker_077,anger,test
EMOITA/data/1613064515827.wav,speaker_191,anger,test
EMOITA/data/1616245152536.wav,speaker_282,anger,test
EMOITA/data/1614118513489.wav,speaker_077,anger,test
EMOITA/data/1616245544708.wav,speaker_282,anger,test
EMOITA/data/1615139433439.wav,speaker_354,anger,test
EMOITA/data/1616239540023.wav,speaker_398,anger,test
EMOITA/data/1613586238533.wav,speaker_307,anger,test
EMOITA/data/1616239074026.wav,speaker_398,anger,test
EMOITA/data/1617551024157.wav,speaker_415,anger,test
EMOITA/data/1613064607473.wav,speaker_191,anger,test
EMOITA/data/1616916635168.wav,speaker_411,anger,test
EMOITA/data/1613065069270.wav,speaker_191,anger,test
EMOITA/data/1613412404430.wav,speaker_267,anger,test
EMOITA/data/1613401312168.wav,speaker_256,anger,test
EMOITA/data/1613061658481.wav,speaker_187,anger,test
EMOITA/data/1613423140695.wav,speaker_256,anger,test
EMOITA/data/1613420017895.wav,speaker_273,anger,test
EMOITA/data/1613061167312.wav,speaker_185,anger,test
EMOITA/data/1614266585321.wav,speaker_051,anger,test
EMOITA/data/1614690719672.wav,speaker_026,anger,test
EMOITA/data/1614169511712.wav,speaker_038,anger,test
EMOITA/data/1613057072252.wav,speaker_180,anger,test
EMOITA/data/1616239342505.wav,speaker_398,anger,test
EMOITA/data/1616872249104.wav,speaker_180,anger,test
EMOITA/data/1613311136828.wav,speaker_214,anger,test
EMOITA/data/1616505327190.wav,speaker_168,anger,test
EMOITA/data/1614329659951.wav,speaker_054,anger,test
EMOITA/data/1613057451452.wav,speaker_180,anger,test
EMOITA/data/1613064548668.wav,speaker_191,anger,test
EMOITA/data/1613384847792.wav,speaker_253,anger,test
EMOITA/data/1613908849154.wav,speaker_004,anger,test
EMOITA/data/1613821562155.wav,speaker_001,anger,test
EMOITA/data/1616239218321.wav,speaker_398,anger,test
EMOITA/data/1616244718890.wav,speaker_282,anger,test
EMOITA/data/1613311074409.wav,speaker_214,anger,test
EMOITA/data/1614957831908.wav,speaker_342,anger,test
EMOITA/data/1616239133909.wav,speaker_398,anger,test
EMOITA/data/1615388512733.wav,speaker_046,anger,test
EMOITA/data/1616244648756.wav,speaker_282,anger,test
EMOITA/data/1614189042010.wav,speaker_014,anger,test
EMOITA/data/1620210818041.wav,speaker_180,anger,test
EMOITA/data/1617550067975.wav,speaker_415,anger,test
EMOITA/data/1613346788412.wav,speaker_250,anger,test
EMOITA/data/1613402124133.wav,speaker_256,anger,test
EMOITA/data/1613323191406.wav,speaker_228,anger,test
EMOITA/data/1616504952099.wav,speaker_168,anger,test
EMOITA/data/1616245395914.wav,speaker_282,anger,test
EMOITA/data/1615225866388.wav,speaker_146,anger,test
EMOITA/data/1614204971079.wav,speaker_077,anger,test
EMOITA/data/1614098249757.wav,speaker_329,anger,test
EMOITA/data/1614329541311.wav,speaker_054,anger,test
EMOITA/data/1617550379573.wav,speaker_415,anger,test
EMOITA/data/1613057891956.wav,speaker_168,anger,test
EMOITA/data/1614266593675.wav,speaker_051,anger,test
EMOITA/data/1613586276886.wav,speaker_307,anger,test
EMOITA/data/1616239043519.wav,speaker_398,anger,test
EMOITA/data/1616239348516.wav,speaker_398,anger,test
EMOITA/data/1614454164597.wav,speaker_288,anger,test
EMOITA/data/1613491109652.wav,speaker_284,anger,test
EMOITA/data/1620211132242.wav,speaker_180,anger,test
EMOITA/data/1614184244831.wav,speaker_288,anger,test
EMOITA/data/1614359200290.wav,speaker_091,anger,test
EMOITA/data/1613057792380.wav,speaker_168,anger,test
EMOITA/data/1615408157299.wav,speaker_373,anger,test
EMOITA/data/1616244938998.wav,speaker_282,anger,test
EMOITA/data/1616245735611.wav,speaker_282,anger,test
EMOITA/data/1616504980502.wav,speaker_168,anger,test
EMOITA/data/1613064561968.wav,speaker_191,anger,test
EMOITA/data/1615236240904.wav,speaker_360,anger,test
EMOITA/data/1614071568437.wav,speaker_074,anger,test
EMOITA/data/1617550322764.wav,speaker_415,anger,test
EMOITA/data/1613303005016.wav,speaker_210,anger,test
EMOITA/data/1620210791674.wav,speaker_180,anger,test
EMOITA/data/1614071493579.wav,speaker_074,anger,test
EMOITA/data/1614957273369.wav,speaker_342,anger,test
EMOITA/data/1620211082564.wav,speaker_180,anger,test
EMOITA/data/1614721008846.wav,speaker_167,anger,test
EMOITA/data/1615226379249.wav,speaker_146,anger,test
EMOITA/data/1613400651227.wav,speaker_256,anger,test
EMOITA/data/1614115432412.wav,speaker_077,anger,test
EMOITA/data/1613318303973.wav,speaker_220,anger,test
EMOITA/data/1614118520519.wav,speaker_077,anger,test
EMOITA/data/1614454264223.wav,speaker_288,anger,test
EMOITA/data/1614116063455.wav,speaker_077,anger,test
EMOITA/data/1614204908791.wav,speaker_077,anger,test
EMOITA/data/1616505022952.wav,speaker_168,anger,test
EMOITA/data/1614690645620.wav,speaker_026,anger,test
EMOITA/data/1613344704118.wav,speaker_132,anger,test
EMOITA/data/1613323234561.wav,speaker_228,anger,test
EMOITA/data/1616245632109.wav,speaker_282,anger,test
EMOITA/data/1613668737854.wav,speaker_319,anger,test
EMOITA/data/1613314928554.wav,speaker_215,anger,test
EMOITA/data/1614121573307.wav,speaker_145,anger,test
EMOITA/data/1614935129849.wav,speaker_340,anger,test
EMOITA/data/1613132613338.wav,speaker_200,anger,test
EMOITA/data/1613327869716.wav,speaker_231,anger,test
EMOITA/data/1614115504259.wav,speaker_077,anger,test
EMOITA/data/1614071526463.wav,speaker_074,anger,test
EMOITA/data/1616239015563.wav,speaker_398,anger,test
EMOITA/data/1613070368791.wav,speaker_195,anger,test
EMOITA/data/1614604620068.wav,speaker_168,anger,test
EMOITA/data/1615927948802.wav,speaker_387,anger,test
EMOITA/data/1613668964470.wav,speaker_319,anger,test
EMOITA/data/1613142078796.wav,speaker_200,anger,test
EMOITA/data/1614604705096.wav,speaker_168,anger,test
EMOITA/data/1614358979115.wav,speaker_091,anger,test
EMOITA/data/1613302995946.wav,speaker_210,anger,test
EMOITA/data/1614204692762.wav,speaker_077,anger,test
EMOITA/data/1614196507001.wav,speaker_152,anger,test
EMOITA/data/1613064461114.wav,speaker_191,anger,test
EMOITA/data/1613579491375.wav,speaker_288,disgust,test
EMOITA/data/1614116643606.wav,speaker_077,disgust,test
EMOITA/data/1613303147926.wav,speaker_210,disgust,test
EMOITA/data/1613821868334.wav,speaker_001,disgust,test
EMOITA/data/1613420123518.wav,speaker_273,disgust,test
EMOITA/data/1613908843023.wav,speaker_004,disgust,test
EMOITA/data/1613320389349.wav,speaker_227,disgust,test
EMOITA/data/1614117070569.wav,speaker_077,disgust,test
EMOITA/data/1613586023543.wav,speaker_307,disgust,test
EMOITA/data/1615147236654.wav,speaker_355,disgust,test
EMOITA/data/1614266218103.wav,speaker_051,disgust,test
EMOITA/data/1614266433365.wav,speaker_051,disgust,test
EMOITA/data/1616244478623.wav,speaker_282,disgust,test
EMOITA/data/1613401630902.wav,speaker_256,disgust,test
EMOITA/data/1613303192725.wav,speaker_210,disgust,test
EMOITA/data/1616239692138.wav,speaker_398,disgust,test
EMOITA/data/1613314858925.wav,speaker_215,disgust,test
EMOITA/data/1616239512153.wav,speaker_398,disgust,test
EMOITA/data/1617270809060.wav,speaker_118,disgust,test
EMOITA/data/1616244913550.wav,speaker_282,disgust,test
EMOITA/data/1615388526953.wav,speaker_046,disgust,test
EMOITA/data/1616239051880.wav,speaker_398,disgust,test
EMOITA/data/1613400035411.wav,speaker_256,disgust,test
EMOITA/data/1613840968669.wav,speaker_004,disgust,test
EMOITA/data/1616238859788.wav,speaker_398,disgust,test
EMOITA/data/1613412264604.wav,speaker_267,disgust,test
EMOITA/data/1613064414203.wav,speaker_191,disgust,test
EMOITA/data/1616239290896.wav,speaker_398,disgust,test
EMOITA/data/1615999999861.wav,speaker_180,disgust,test
EMOITA/data/1613346744350.wav,speaker_250,disgust,test
EMOITA/data/1614690779926.wav,speaker_026,disgust,test
EMOITA/data/1614332870749.wav,speaker_089,disgust,test
EMOITA/data/1614332884467.wav,speaker_089,disgust,test
EMOITA/data/1614204753298.wav,speaker_077,disgust,test
EMOITA/data/1613466510974.wav,speaker_168,disgust,test
EMOITA/data/1613327822102.wav,speaker_231,disgust,test
EMOITA/data/1616244896393.wav,speaker_282,disgust,test
EMOITA/data/1613423157048.wav,speaker_256,disgust,test
EMOITA/data/1613832799159.wav,speaker_135,disgust,test
EMOITA/data/1613832812599.wav,speaker_135,disgust,test
EMOITA/data/1613346730005.wav,speaker_250,disgust,test
EMOITA/data/1615387709333.wav,speaker_371,disgust,test
EMOITA/data/1613821986045.wav,speaker_001,disgust,test
EMOITA/data/1614358927527.wav,speaker_091,disgust,test
EMOITA/data/1617550998493.wav,speaker_415,disgust,test
EMOITA/data/1613400066611.wav,speaker_256,disgust,test
EMOITA/data/1616505085869.wav,speaker_168,disgust,test
EMOITA/data/1616239750176.wav,speaker_398,disgust,test
EMOITA/data/1614604731912.wav,speaker_168,disgust,test
EMOITA/data/1613323069650.wav,speaker_228,disgust,test
EMOITA/data/1613318170854.wav,speaker_220,disgust,test
EMOITA/data/1616239022881.wav,speaker_398,disgust,test
EMOITA/data/1616251806619.wav,speaker_282,disgust,test
EMOITA/data/1614266259032.wav,speaker_051,disgust,test
EMOITA/data/1614358960470.wav,speaker_091,disgust,test
EMOITA/data/1614116850067.wav,speaker_077,disgust,test
EMOITA/data/1616872255694.wav,speaker_180,disgust,test
EMOITA/data/1614359370913.wav,speaker_091,disgust,test
EMOITA/data/1614117086936.wav,speaker_077,disgust,test
EMOITA/data/1614329796673.wav,speaker_054,disgust,test
EMOITA/data/1615388687454.wav,speaker_046,disgust,test
EMOITA/data/1617550494135.wav,speaker_415,disgust,test
EMOITA/data/1617135490383.wav,speaker_413,disgust,test
EMOITA/data/1616505068149.wav,speaker_168,disgust,test
EMOITA/data/1617135470798.wav,speaker_413,disgust,test
EMOITA/data/1620210753428.wav,speaker_180,disgust,test
EMOITA/data/1613908831482.wav,speaker_004,disgust,test
EMOITA/data/1616239147765.wav,speaker_398,disgust,test
EMOITA/data/1615723482964.wav,speaker_381,disgust,test
EMOITA/data/1613401544428.wav,speaker_256,disgust,test
EMOITA/data/1613423187860.wav,speaker_256,disgust,test
EMOITA/data/1614329767304.wav,speaker_054,disgust,test
EMOITA/data/1613420228701.wav,speaker_273,disgust,test
EMOITA/data/1613400751266.wav,speaker_256,disgust,test
EMOITA/data/1614706055309.wav,speaker_046,disgust,test
EMOITA/data/1613832835791.wav,speaker_135,disgust,test
EMOITA/data/1613344780488.wav,speaker_132,disgust,test
EMOITA/data/1617550625439.wav,speaker_415,disgust,test
EMOITA/data/1613420106936.wav,speaker_273,disgust,test
EMOITA/data/1613822025172.wav,speaker_001,disgust,test
EMOITA/data/1616239743292.wav,speaker_398,disgust,test
EMOITA/data/1613064499880.wav,speaker_191,disgust,test
EMOITA/data/1614204606209.wav,speaker_077,disgust,test
EMOITA/data/1614720997046.wav,speaker_167,disgust,test
EMOITA/data/1613302910868.wav,speaker_210,disgust,test
EMOITA/data/1613061817895.wav,speaker_187,disgust,test
EMOITA/data/1616504789018.wav,speaker_168,disgust,test
EMOITA/data/1614071510023.wav,speaker_074,disgust,test
EMOITA/data/1616239356510.wav,speaker_398,disgust,test
EMOITA/data/1616244357872.wav,speaker_282,disgust,test
EMOITA/data/1616872328443.wav,speaker_180,disgust,test
EMOITA/data/1613078287108.wav,speaker_168,disgust,test
EMOITA/data/1613463265676.wav,speaker_278,disgust,test
EMOITA/data/1616504998530.wav,speaker_168,disgust,test
EMOITA/data/1614604668937.wav,speaker_168,disgust,test
EMOITA/data/1614114538284.wav,speaker_077,disgust,test
EMOITA/data/1614116871071.wav,speaker_077,disgust,test
EMOITA/data/1613821938292.wav,speaker_001,disgust,test
EMOITA/data/1613668812178.wav,speaker_319,disgust,test
EMOITA/data/1617549854962.wav,speaker_415,disgust,test
EMOITA/data/1613821976005.wav,speaker_001,disgust,test
EMOITA/data/1615226470858.wav,speaker_146,disgust,test
EMOITA/data/1616504943016.wav,speaker_168,disgust,test
EMOITA/data/1615388469873.wav,speaker_046,disgust,test
EMOITA/data/1613132398869.wav,speaker_200,disgust,test
EMOITA/data/1614720985004.wav,speaker_167,disgust,test
EMOITA/data/1613311083885.wav,speaker_214,disgust,test
EMOITA/data/1614116121550.wav,speaker_077,disgust,test
EMOITA/data/1614205731348.wav,speaker_077,disgust,test
EMOITA/data/1614329781909.wav,speaker_054,disgust,test
EMOITA/data/1613303930845.wav,speaker_211,disgust,test
EMOITA/data/1613057780217.wav,speaker_168,disgust,test
EMOITA/data/1616238867486.wav,speaker_398,disgust,test
EMOITA/data/1614358917680.wav,speaker_091,disgust,test
EMOITA/data/1616504965075.wav,speaker_168,disgust,test
EMOITA/data/1613420115310.wav,speaker_273,disgust,test
EMOITA/data/1613840962667.wav,speaker_004,disgust,test
EMOITA/data/1613821895501.wav,speaker_001,disgust,test
EMOITA/data/1614204988117.wav,speaker_077,disgust,test
EMOITA/data/1613065141452.wav,speaker_191,disgust,test
EMOITA/data/1614690731297.wav,speaker_026,disgust,test
EMOITA/data/1614204615978.wav,speaker_077,disgust,test
EMOITA/data/1614454724587.wav,speaker_288,disgust,test
EMOITA/data/1616505280351.wav,speaker_168,disgust,test
EMOITA/data/1616239475018.wav,speaker_398,disgust,test
EMOITA/data/1616238933733.wav,speaker_398,disgust,test
EMOITA/data/1613412697263.wav,speaker_267,disgust,test
EMOITA/data/1613401273901.wav,speaker_256,disgust,test
EMOITA/data/1615388590961.wav,speaker_046,disgust,test
EMOITA/data/1616245278836.wav,speaker_282,disgust,test
EMOITA/data/1613384918769.wav,speaker_253,disgust,test
EMOITA/data/1614205744129.wav,speaker_077,disgust,test
EMOITA/data/1615226334835.wav,speaker_146,disgust,test
EMOITA/data/1613384829501.wav,speaker_253,disgust,test
EMOITA/data/1613668994010.wav,speaker_319,disgust,test
EMOITA/data/1613303181855.wav,speaker_210,disgust,test
EMOITA/data/1616245111941.wav,speaker_282,disgust,test
EMOITA/data/1620210745171.wav,speaker_180,disgust,test
EMOITA/data/1615308080428.wav,speaker_363,disgust,test
EMOITA/data/1615927936709.wav,speaker_387,disgust,test
EMOITA/data/1615231370560.wav,speaker_359,disgust,test
EMOITA/data/1614359042202.wav,speaker_091,disgust,test
EMOITA/data/1613423122491.wav,speaker_256,disgust,test
EMOITA/data/1614115665274.wav,speaker_077,disgust,test
EMOITA/data/1616239639838.wav,speaker_398,disgust,test
EMOITA/data/1616239299691.wav,speaker_398,disgust,test
EMOITA/data/1616245848742.wav,speaker_282,disgust,test
EMOITA/data/1616000019811.wav,speaker_180,disgust,test
EMOITA/data/1616505321365.wav,speaker_168,disgust,test
EMOITA/data/1613821772401.wav,speaker_001,disgust,test
EMOITA/data/1616251849648.wav,speaker_282,disgust,test
EMOITA/data/1616000064956.wav,speaker_180,disgust,test
EMOITA/data/1613669002706.wav,speaker_319,disgust,test
EMOITA/data/1615388710283.wav,speaker_046,disgust,test
EMOITA/data/1613491126408.wav,speaker_284,disgust,test
EMOITA/data/1614266565135.wav,speaker_051,disgust,test
EMOITA/data/1613400452192.wav,speaker_256,disgust,test
EMOITA/data/1616505078016.wav,speaker_168,disgust,test
EMOITA/data/1616872386530.wav,speaker_180,disgust,test
EMOITA/data/1613840494632.wav,speaker_004,disgust,test
EMOITA/data/1614537043685.wav,speaker_059,disgust,test
EMOITA/data/1614116816131.wav,speaker_077,disgust,test
EMOITA/data/1614720941290.wav,speaker_167,disgust,test
EMOITA/data/1613057166771.wav,speaker_180,disgust,test
EMOITA/data/1616505122777.wav,speaker_168,disgust,test
EMOITA/data/1613057978628.wav,speaker_180,disgust,test
EMOITA/data/1614359404626.wav,speaker_091,disgust,test
EMOITA/data/1614454249658.wav,speaker_288,disgust,test
EMOITA/data/1614116803248.wav,speaker_077,disgust,test
EMOITA/data/1614071833089.wav,speaker_074,disgust,test
EMOITA/data/1616505162588.wav,speaker_168,disgust,test
EMOITA/data/1616244500344.wav,speaker_282,disgust,test
EMOITA/data/1613401722088.wav,speaker_256,disgust,test
EMOITA/data/1614184289642.wav,speaker_288,disgust,test
EMOITA/data/1614329733227.wav,speaker_054,disgust,test
EMOITA/data/1614266541482.wav,speaker_051,disgust,test
EMOITA/data/1616872367513.wav,speaker_180,disgust,test
EMOITA/data/1613064997812.wav,speaker_191,disgust,test
EMOITA/data/1614957241307.wav,speaker_342,disgust,test
EMOITA/data/1613821916359.wav,speaker_001,disgust,test
EMOITA/data/1614204939639.wav,speaker_077,disgust,test
EMOITA/data/1615388635900.wav,speaker_046,fear,test
EMOITA/data/1614604698990.wav,speaker_168,fear,test
EMOITA/data/1616239104620.wav,speaker_398,fear,test
EMOITA/data/1613061173200.wav,speaker_187,fear,test
EMOITA/data/1616504866442.wav,speaker_168,fear,test
EMOITA/data/1614116196702.wav,speaker_077,fear,test
EMOITA/data/1613586168517.wav,speaker_307,fear,test
EMOITA/data/1614604612729.wav,speaker_168,fear,test
EMOITA/data/1614454021051.wav,speaker_288,fear,test
EMOITA/data/1613346807465.wav,speaker_250,fear,test
EMOITA/data/1613847653108.wav,speaker_004,fear,test
EMOITA/data/1613395955339.wav,speaker_255,fear,test
EMOITA/data/1616504818558.wav,speaker_168,fear,test
EMOITA/data/1616239567583.wav,speaker_398,fear,test
EMOITA/data/1614115806383.wav,speaker_077,fear,test
EMOITA/data/1614513277755.wav,speaker_019,fear,test
EMOITA/data/1613344655800.wav,speaker_132,fear,test
EMOITA/data/1616000005924.wav,speaker_180,fear,test
EMOITA/data/1616504745116.wav,speaker_168,fear,test
EMOITA/data/1616916448175.wav,speaker_411,fear,test
EMOITA/data/1613423201855.wav,speaker_256,fear,test
EMOITA/data/1613402353326.wav,speaker_256,fear,test
EMOITA/data/1613399930606.wav,speaker_256,fear,test
EMOITA/data/1613821858110.wav,speaker_001,fear,test
EMOITA/data/1613400950432.wav,speaker_256,fear,test
EMOITA/data/1616244294671.wav,speaker_282,fear,test
EMOITA/data/1613422931310.wav,speaker_256,fear,test
EMOITA/data/1613314962374.wav,speaker_215,fear,test
EMOITA/data/1615414665224.wav,speaker_180,fear,test
EMOITA/data/1615226369190.wav,speaker_146,fear,test
EMOITA/data/1617135435112.wav,speaker_413,fear,test
EMOITA/data/1614204950158.wav,speaker_077,fear,test
EMOITA/data/1612984205323.wav,speaker_181,fear,test
EMOITA/data/1616239619654.wav,speaker_398,fear,test
EMOITA/data/1620211107758.wav,speaker_180,fear,test
EMOITA/data/1613314952745.wav,speaker_215,fear,test
EMOITA/data/1614204821003.wav,speaker_077,fear,test
EMOITA/data/1613402723110.wav,speaker_256,fear,test
EMOITA/data/1613064985207.wav,speaker_191,fear,test
EMOITA/data/1613908855864.wav,speaker_004,fear,test
EMOITA/data/1614116076865.wav,speaker_077,fear,test
EMOITA/data/1616013310717.wav,speaker_125,fear,test
EMOITA/data/1613420258907.wav,speaker_273,fear,test
EMOITA/data/1613400177129.wav,speaker_256,fear,test
EMOITA/data/1614205635055.wav,speaker_077,fear,test
EMOITA/data/1613384876667.wav,speaker_253,fear,test
EMOITA/data/1614690629513.wav,speaker_026,fear,test
EMOITA/data/1617550741527.wav,speaker_415,fear,test
EMOITA/data/1613822034862.wav,speaker_001,fear,test
EMOITA/data/1613400288746.wav,speaker_256,fear,test
EMOITA/data/1613822056352.wav,speaker_001,fear,test
EMOITA/data/1613318154345.wav,speaker_220,fear,test
EMOITA/data/1614266532073.wav,speaker_051,fear,test
EMOITA/data/1613064586742.wav,speaker_191,fear,test
EMOITA/data/1614071824777.wav,speaker_074,fear,test
EMOITA/data/1616251934388.wav,speaker_282,fear,test
EMOITA/data/1614721082645.wav,speaker_167,fear,test
EMOITA/data/1614359016237.wav,speaker_091,fear,test
EMOITA/data/1613847659388.wav,speaker_004,fear,test
EMOITA/data/1613821783953.wav,speaker_001,fear,test
EMOITA/data/1614329575602.wav,speaker_054,fear,test
EMOITA/data/1616239407510.wav,speaker_398,fear,test
EMOITA/data/1616245432789.wav,speaker_282,fear,test
EMOITA/data/1616239230425.wav,speaker_398,fear,test
EMOITA/data/1614266119489.wav,speaker_051,fear,test
EMOITA/data/1616245972570.wav,speaker_282,fear,test
EMOITA/data/1616872372906.wav,speaker_180,fear,test
EMOITA/data/1616239525899.wav,speaker_398,fear,test
EMOITA/data/1614358995052.wav,speaker_091,fear,test
EMOITA/data/1613840930876.wav,speaker_004,fear,test
EMOITA/data/1613050069401.wav,speaker_168,fear,test
EMOITA/data/1616239780097.wav,speaker_398,fear,test
EMOITA/data/1614266242300.wav,speaker_051,fear,test
EMOITA/data/1616239532340.wav,speaker_398,fear,test
EMOITA/data/1613303168695.wav,speaker_210,fear,test
EMOITA/data/1614332912206.wav,speaker_089,fear,test
EMOITA/data/1616505011295.wav,speaker_168,fear,test
EMOITA/data/1616239582498.wav,speaker_398,fear,test
EMOITA/data/1614196485402.wav,speaker_152,fear,test
EMOITA/data/1614513090733.wav,speaker_019,fear,test
EMOITA/data/1616244443699.wav,speaker_282,fear,test
EMOITA/data/1616238977569.wav,speaker_398,fear,test
EMOITA/data/1613579248249.wav,speaker_288,fear,test
EMOITA/data/1614196418008.wav,speaker_152,fear,test
EMOITA/data/1617549946701.wav,speaker_415,fear,test
EMOITA/data/1616245313252.wav,speaker_282,fear,test
EMOITA/data/1615723596285.wav,speaker_381,fear,test
EMOITA/data/1616239757563.wav,speaker_398,fear,test
EMOITA/data/1617270940224.wav,speaker_118,fear,test
EMOITA/data/1616916620594.wav,speaker_411,fear,test
EMOITA/data/1613064631177.wav,speaker_191,fear,test
EMOITA/data/1616245384473.wav,speaker_282,fear,test
EMOITA/data/1613821744160.wav,speaker_001,fear,test
EMOITA/data/1613065129990.wav,speaker_191,fear,test
EMOITA/data/1613679619826.wav,speaker_318,fear,test
EMOITA/data/1616239168639.wav,speaker_398,fear,test
EMOITA/data/1613346823726.wav,speaker_250,fear,test
EMOITA/data/1615147221414.wav,speaker_355,fear,test
EMOITA/data/1613821711530.wav,speaker_001,fear,test
EMOITA/data/1615307981403.wav,speaker_363,fear,test
EMOITA/data/1614204762470.wav,speaker_077,fear,test
EMOITA/data/1616239184500.wav,speaker_398,fear,test
EMOITA/data/1613412650471.wav,speaker_267,fear,test
EMOITA/data/1613422977366.wav,speaker_256,fear,test
EMOITA/data/1613061209774.wav,speaker_187,fear,test
EMOITA/data/1614359308381.wav,speaker_091,fear,test
EMOITA/data/1616239773191.wav,speaker_398,fear,test
EMOITA/data/1614204745203.wav,speaker_077,fear,test
EMOITA/data/1616239313392.wav,speaker_398,fear,test
EMOITA/data/1614184182722.wav,speaker_288,fear,test
EMOITA/data/1613847616728.wav,speaker_004,fear,test
EMOITA/data/1614117189891.wav,speaker_077,fear,test
EMOITA/data/1616244974150.wav,speaker_282,fear,test
EMOITA/data/1614266233055.wav,speaker_051,fear,test
EMOITA/data/1614116312620.wav,speaker_077,fear,test
EMOITA/data/1614604713078.wav,speaker_168,fear,test
EMOITA/data/1614454767071.wav,speaker_288,fear,test
EMOITA/data/1613420131280.wav,speaker_273,fear,test
EMOITA/data/1616239518782.wav,speaker_398,fear,test
EMOITA/data/1615928252076.wav,speaker_387,fear,test
EMOITA/data/1614266185944.wav,speaker_051,fear,test
EMOITA/data/1614690793781.wav,speaker_026,fear,test
EMOITA/data/1614721021637.wav,speaker_167,fear,test
EMOITA/data/1614118533108.wav,speaker_077,fear,test
EMOITA/data/1616504808971.wav,speaker_168,fear,test
EMOITA/data/1613401293525.wav,speaker_256,fear,test
EMOITA/data/1613840886923.wav,speaker_004,fear,test
EMOITA/data/1614266604008.wav,speaker_051,fear,test
EMOITA/data/1613668889270.wav,speaker_319,fear,test
EMOITA/data/1614204844269.wav,speaker_077,fear,test
EMOITA/data/1613311105390.wav,speaker_214,fear,test
EMOITA/data/1614266523668.wav,speaker_051,fear,test
EMOITA/data/1616505173539.wav,speaker_168,fear,test
EMOITA/data/1614261473499.wav,speaker_038,fear,test
EMOITA/data/1614359339543.wav,speaker_091,fear,test
EMOITA/data/1616244824913.wav,speaker_282,fear,test
EMOITA/data/1613303241760.wav,speaker_210,fear,test
EMOITA/data/1615388703156.wav,speaker_046,fear,test
EMOITA/data/1613318136939.wav,speaker_220,fear,test
EMOITA/data/1613492738811.wav,speaker_288,fear,test
EMOITA/data/1614169404353.wav,speaker_038,fear,test
EMOITA/data/1613064929560.wav,speaker_067,fear,test
EMOITA/data/1613401070821.wav,speaker_256,fear,test
EMOITA/data/1616505030925.wav,speaker_168,fear,test
EMOITA/data/1613064975768.wav,speaker_191,fear,test
EMOITA/data/1614205773899.wav,speaker_077,fear,test
EMOITA/data/1613423215723.wav,speaker_256,fear,test
EMOITA/data/1616252171976.wav,speaker_282,fear,test
EMOITA/data/1616505099572.wav,speaker_168,fear,test
EMOITA/data/1614205780789.wav,speaker_077,fear,test
EMOITA/data/1613050872495.wav,speaker_168,fear,test
EMOITA/data/1620211124751.wav,speaker_180,fear,test
EMOITA/data/1615226439659.wav,speaker_146,fear,test
EMOITA/data/1613061717791.wav,speaker_187,fear,test
EMOITA/data/1614169499508.wav,speaker_038,fear,test
EMOITA/data/1613323209082.wav,speaker_228,fear,test
EMOITA/data/1613847665891.wav,speaker_004,fear,test
EMOITA/data/1615414681743.wav,speaker_180,fear,test
EMOITA/data/1615388649264.wav,speaker_046,fear,test
EMOITA/data/1613821595591.wav,speaker_001,fear,test
EMOITA/data/1616238906402.wav,speaker_398,fear,test
EMOITA/data/1613399914561.wav,speaker_256,fear,test
EMOITA/data/1615388675114.wav,speaker_046,fear,test
EMOITA/data/1616504972267.wav,speaker_168,fear,test
EMOITA/data/1616505134386.wav,speaker_168,fear,test
EMOITA/data/1616505244091.wav,speaker_168,fear,test
EMOITA/data/1614204997015.wav,speaker_077,fear,test
EMOITA/data/1613384802155.wav,speaker_253,fear,test
EMOITA/data/1614958004575.wav,speaker_342,fear,test
EMOITA/data/1613319205774.wav,speaker_221,fear,test
EMOITA/data/1613840911606.wav,speaker_004,fear,test
EMOITA/data/1614359255607.wav,speaker_091,fear,test
EMOITA/data/1613840517270.wav,speaker_004,fear,test
EMOITA/data/1613344737032.wav,speaker_132,fear,test
EMOITA/data/1613412304478.wav,speaker_267,fear,test
EMOITA/data/1616252157257.wav,speaker_282,fear,test
EMOITA/data/1613400352789.wav,speaker_256,fear,test
EMOITA/data/1616000053007.wav,speaker_180,fear,test
EMOITA/data/1614204630725.wav,speaker_077,fear,test
EMOITA/data/1615231466995.wav,speaker_359,fear,test
EMOITA/data/1616239177290.wav,speaker_398,fear,test
EMOITA/data/1616245480620.wav,speaker_282,fear,test
EMOITA/data/1613057994173.wav,speaker_180,fear,test
EMOITA/data/1614358971910.wav,speaker_091,fear,test
EMOITA/data/1613578996093.wav,speaker_288,fear,test
EMOITA/data/1613303158598.wav,speaker_210,fear,test
EMOITA/data/1616504874248.wav,speaker_168,fear,test
EMOITA/data/1614271429875.wav,speaker_288,fear,test
EMOITA/data/1615231323650.wav,speaker_359,fear,test
EMOITA/data/1614189028776.wav,speaker_014,fear,test
EMOITA/data/1612880179201.wav,speaker_181,fear,test
EMOITA/data/1614690769301.wav,speaker_026,happiness,test
EMOITA/data/1614116703567.wav,speaker_077,happiness,test
EMOITA/data/1613679574380.wav,speaker_318,happiness,test
EMOITA/data/1616239632028.wav,speaker_398,happiness,test
EMOITA/data/1613323055194.wav,speaker_228,happiness,test
EMOITA/data/1613061276308.wav,speaker_188,happiness,test
EMOITA/data/1614359155733.wav,speaker_091,happiness,test
EMOITA/data/1613064431545.wav,speaker_191,happiness,test
EMOITA/data/1615999992836.wav,speaker_180,happiness,test
EMOITA/data/1613821885187.wav,speaker_001,happiness,test
EMOITA/data/1616239035510.wav,speaker_398,happiness,test
EMOITA/data/1614171943725.wav,speaker_046,happiness,test
EMOITA/data/1616000095110.wav,speaker_180,happiness,test
EMOITA/data/1614447908476.wav,speaker_046,happiness,test
EMOITA/data/1613057138209.wav,speaker_180,happiness,test
EMOITA/data/1614329628641.wav,speaker_054,happiness,test
EMOITA/data/1613346677147.wav,speaker_250,happiness,test
EMOITA/data/1614204637623.wav,speaker_077,happiness,test
EMOITA/data/1616504842051.wav,speaker_168,happiness,test
EMOITA/data/1614204836264.wav,speaker_077,happiness,test
EMOITA/data/1614661278211.wav,speaker_023,happiness,test
EMOITA/data/1619279330345.wav,speaker_406,happiness,test
EMOITA/data/1616504800928.wav,speaker_168,happiness,test
EMOITA/data/1616239730081.wav,speaker_398,happiness,test
EMOITA/data/1615231289030.wav,speaker_359,happiness,test
EMOITA/data/1614358909366.wav,speaker_091,happiness,test
EMOITA/data/1614117208941.wav,speaker_077,happiness,test
EMOITA/data/1616245620171.wav,speaker_282,happiness,test
EMOITA/data/1616239723650.wav,speaker_398,happiness,test
EMOITA/data/1614189105088.wav,speaker_014,happiness,test
EMOITA/data/1613314896316.wav,speaker_215,happiness,test
EMOITA/data/1614071590263.wav,speaker_074,happiness,test
EMOITA/data/1613840917586.wav,speaker_004,happiness,test
EMOITA/data/1615629714790.wav,speaker_168,happiness,test
EMOITA/data/1613401413709.wav,speaker_256,happiness,test
EMOITA/data/1616239684639.wav,speaker_398,happiness,test
EMOITA/data/1615226317324.wav,speaker_146,happiness,test
EMOITA/data/1613822015430.wav,speaker_001,happiness,test
EMOITA/data/1614454790449.wav,speaker_288,happiness,test
EMOITA/data/1615226401530.wav,speaker_146,happiness,test
EMOITA/data/1616245958205.wav,speaker_282,happiness,test
EMOITA/data/1614266407616.wav,speaker_051,happiness,test
EMOITA/data/1616245643510.wav,speaker_282,happiness,test
EMOITA/data/1613303054831.wav,speaker_210,happiness,test
EMOITA/data/1616239097050.wav,speaker_398,happiness,test
EMOITA/data/1615231418716.wav,speaker_359,happiness,test
EMOITA/data/1614204700365.wav,speaker_077,happiness,test
EMOITA/data/1616505180681.wav,speaker_168,happiness,test
EMOITA/data/1614098117816.wav,speaker_329,happiness,test
EMOITA/data/1615072825818.wav,speaker_345,happiness,test
EMOITA/data/1614537123952.wav,speaker_059,happiness,test
EMOITA/data/1613303137853.wav,speaker_210,happiness,test
EMOITA/data/1613668912247.wav,speaker_319,happiness,test
EMOITA/data/1613832855362.wav,speaker_135,happiness,test
EMOITA/data/1616504794700.wav,speaker_168,happiness,test
EMOITA/data/1619776990875.wav,speaker_406,happiness,test
EMOITA/data/1614118478238.wav,speaker_077,happiness,test
EMOITA/data/1613303081033.wav,speaker_210,happiness,test
EMOITA/data/1616505343302.wav,speaker_168,happiness,test
EMOITA/data/1613579360534.wav,speaker_288,happiness,test
EMOITA/data/1614117841773.wav,speaker_110,happiness,test
EMOITA/data/1614329822047.wav,speaker_054,happiness,test
EMOITA/data/1614266207943.wav,speaker_051,happiness,test
EMOITA/data/1613057456199.wav,speaker_180,happiness,test
EMOITA/data/1614604725165.wav,speaker_168,happiness,test
EMOITA/data/1616239547608.wav,speaker_398,happiness,test
EMOITA/data/1614513074195.wav,speaker_019,happiness,test
EMOITA/data/1617549926841.wav,speaker_415,happiness,test
EMOITA/data/1614189122544.wav,speaker_014,happiness,test
EMOITA/data/1614266292855.wav,speaker_051,happiness,test
EMOITA/data/1615032864867.wav,speaker_282,happiness,test
EMOITA/data/1614116711026.wav,speaker_077,happiness,test
EMOITA/data/1613399828917.wav,speaker_256,happiness,test
EMOITA/data/1616245807281.wav,speaker_282,happiness,test
EMOITA/data/1614454297175.wav,speaker_288,happiness,test
EMOITA/data/1613303230078.wav,speaker_210,happiness,test
EMOITA/data/1614115421204.wav,speaker_077,happiness,test
EMOITA/data/1614690658745.wav,speaker_026,happiness,test
EMOITA/data/1614690669556.wav,speaker_026,happiness,test
EMOITA/data/1614204828332.wav,speaker_077,happiness,test
EMOITA/data/1614329803569.wav,speaker_054,happiness,test
EMOITA/data/1620210785539.wav,speaker_180,happiness,test
EMOITA/data/1614720919643.wav,speaker_167,happiness,test
EMOITA/data/1614204916288.wav,speaker_077,happiness,test
EMOITA/data/1616238852266.wav,speaker_398,happiness,test
EMOITA/data/1614266327903.wav,speaker_051,happiness,test
EMOITA/data/1616245421144.wav,speaker_282,happiness,test
EMOITA/data/1614359189120.wav,speaker_091,happiness,test
EMOITA/data/1616000045326.wav,speaker_180,happiness,test
EMOITA/data/1616505387504.wav,speaker_168,happiness,test
EMOITA/data/1613463246487.wav,speaker_278,happiness,test
EMOITA/data/1613668868322.wav,speaker_319,happiness,test
EMOITA/data/1613586135818.wav,speaker_307,happiness,test
EMOITA/data/1613491173608.wav,speaker_284,happiness,test
EMOITA/data/1613078299606.wav,speaker_168,happiness,test
EMOITA/data/1613384458062.wav,speaker_253,happiness,test
EMOITA/data/1614204978838.wav,speaker_077,happiness,test
EMOITA/data/1613327848432.wav,speaker_231,happiness,test
EMOITA/data/1613821728025.wav,speaker_001,happiness,test
EMOITA/data/1613142147166.wav,speaker_200,happiness,test
EMOITA/data/1613064666123.wav,speaker_191,happiness,test
EMOITA/data/1613061598715.wav,speaker_187,happiness,test
EMOITA/data/1616239334966.wav,speaker_398,happiness,test
EMOITA/data/1616245694140.wav,speaker_282,happiness,test
EMOITA/data/1614358945236.wav,speaker_091,happiness,test
EMOITA/data/1616239601089.wav,speaker_398,happiness,test
EMOITA/data/1614116658324.wav,speaker_077,happiness,test
EMOITA/data/1616872276986.wav,speaker_180,happiness,test
EMOITA/data/1613400101236.wav,speaker_256,happiness,test
EMOITA/data/1614271507143.wav,speaker_288,happiness,test
EMOITA/data/1614071349161.wav,speaker_074,happiness,test
EMOITA/data/1616000059433.wav,speaker_180,happiness,test
EMOITA/data/1613420097219.wav,speaker_273,happiness,test
EMOITA/data/1614266300764.wav,speaker_051,happiness,test
EMOITA/data/1616251961892.wav,speaker_282,happiness,test
EMOITA/data/1614454778383.wav,speaker_288,happiness,test
EMOITA/data/1616252214098.wav,speaker_282,happiness,test
EMOITA/data/1614116955581.wav,speaker_077,happiness,test
EMOITA/data/1615388610957.wav,speaker_046,happiness,test
EMOITA/data/1613399853835.wav,speaker_256,happiness,test
EMOITA/data/1616245574044.wav,speaker_282,happiness,test
EMOITA/data/1612993617047.wav,speaker_183,happiness,test
EMOITA/data/1614121653190.wav,speaker_145,happiness,test
EMOITA/data/1616504727823.wav,speaker_168,happiness,test
EMOITA/data/1614266450523.wav,speaker_051,happiness,test
EMOITA/data/1613050080929.wav,speaker_168,happiness,test
EMOITA/data/1617551184102.wav,speaker_415,happiness,test
EMOITA/data/1616245586888.wav,speaker_282,happiness,test
EMOITA/data/1613840944724.wav,speaker_004,happiness,test
EMOITA/data/1613412677653.wav,speaker_267,happiness,test
EMOITA/data/1613384771064.wav,speaker_253,happiness,test
EMOITA/data/1616239125496.wav,speaker_398,happiness,test
EMOITA/data/1616504909446.wav,speaker_168,happiness,test
EMOITA/data/1613423099482.wav,speaker_256,happiness,test
EMOITA/data/1614957358689.wav,speaker_342,happiness,test
EMOITA/data/1616245264791.wav,speaker_282,happiness,test
EMOITA/data/1613847640795.wav,speaker_004,happiness,test
EMOITA/data/1613064380874.wav,speaker_191,happiness,test
EMOITA/data/1614266225965.wav,speaker_051,happiness,test
EMOITA/data/1614329693875.wav,speaker_054,happiness,test
EMOITA/data/1616239574465.wav,speaker_398,happiness,test
EMOITA/data/1613821693856.wav,speaker_001,happiness,test
EMOITA/data/1614115630582.wav,speaker_077,happiness,test
EMOITA/data/1614447711700.wav,speaker_046,happiness,test
EMOITA/data/1613064991885.wav,speaker_191,happiness,test
EMOITA/data/1614513340466.wav,speaker_019,happiness,test
EMOITA/data/1613491188795.wav,speaker_284,happiness,test
EMOITA/data/1616239327609.wav,speaker_398,happiness,test
EMOITA/data/1613323152755.wav,speaker_228,happiness,test
EMOITA/data/1614204576324.wav,speaker_077,happiness,test
EMOITA/data/1616245169832.wav,speaker_282,happiness,test
EMOITA/data/1613303092168.wav,speaker_210,happiness,test
EMOITA/data/1617549833331.wav,speaker_415,happiness,test
EMOITA/data/1616245517854.wav,speaker_282,happiness,test
EMOITA/data/1613344497635.wav,speaker_132,happiness,test
EMOITA/data/1617550182594.wav,speaker_415,happiness,test
EMOITA/data/1613399987513.wav,speaker_256,happiness,test
EMOITA/data/1613668982785.wav,speaker_319,happiness,test
EMOITA/data/1615123779211.wav,speaker_352,happiness,test
EMOITA/data/1616239190917.wav,speaker_398,happiness,test
EMOITA/data/1617270818636.wav,speaker_118,happiness,test
EMOITA/data/1613412566086.wav,speaker_267,neutral,test
EMOITA/data/1613314984345.wav,speaker_215,neutral,test
EMOITA/data/1613401251914.wav,speaker_256,neutral,test
EMOITA/data/1616872355318.wav,speaker_180,neutral,test
EMOITA/data/1613303062609.wav,speaker_210,neutral,test
EMOITA/data/1620211076609.wav,speaker_180,neutral,test
EMOITA/data/1616238883712.wav,speaker_398,neutral,test
EMOITA/data/1616245325174.wav,speaker_282,neutral,test
EMOITA/data/1616872333784.wav,speaker_180,neutral,test
EMOITA/data/1616239375924.wav,speaker_398,neutral,test
EMOITA/data/1616244807924.wav,speaker_282,neutral,test
EMOITA/data/1620210737219.wav,speaker_180,neutral,test
EMOITA/data/1616504858907.wav,speaker_168,neutral,test
EMOITA/data/1616239089203.wav,speaker_398,neutral,test
EMOITA/data/1616239785497.wav,speaker_398,neutral,test
EMOITA/data/1613400409934.wav,speaker_256,neutral,test
EMOITA/data/1613323272084.wav,speaker_228,neutral,test
EMOITA/data/1614098214534.wav,speaker_329,neutral,test
EMOITA/data/1613303023199.wav,speaker_210,neutral,test
EMOITA/data/1614455205269.wav,speaker_288,neutral,test
EMOITA/data/1614115397238.wav,speaker_077,neutral,test
EMOITA/data/1613383675717.wav,speaker_168,neutral,test
EMOITA/data/1613064447497.wav,speaker_191,neutral,test
EMOITA/data/1613821577512.wav,speaker_001,neutral,test
EMOITA/data/1613043913055.wav,speaker_168,neutral,test
EMOITA/data/1614110939743.wav,speaker_041,neutral,test
EMOITA/data/1613061633097.wav,speaker_187,neutral,test
EMOITA/data/1613399977053.wav,speaker_256,neutral,test
EMOITA/data/1616000078197.wav,speaker_180,neutral,test
EMOITA/data/1614266614373.wav,speaker_051,neutral,test
EMOITA/data/1615231704517.wav,speaker_359,neutral,test
EMOITA/data/1614329684848.wav,speaker_054,neutral,test
EMOITA/data/1613821683959.wav,speaker_001,neutral,test
EMOITA/data/1614204623391.wav,speaker_077,neutral,test
EMOITA/data/1613384614741.wav,speaker_253,neutral,test
EMOITA/data/1613327813783.wav,speaker_231,neutral,test
EMOITA/data/1616239613457.wav,speaker_398,neutral,test
EMOITA/data/1616239237924.wav,speaker_398,neutral,test
EMOITA/data/1616872343979.wav,speaker_180,neutral,test
EMOITA/data/1616251916509.wav,speaker_282,neutral,test
EMOITA/data/1613346847140.wav,speaker_250,neutral,test
EMOITA/data/1615231353014.wav,speaker_359,neutral,test
EMOITA/data/1616916604184.wav,speaker_411,neutral,test
EMOITA/data/1613327856196.wav,speaker_231,neutral,test
EMOITA/data/1620210778824.wav,speaker_180,neutral,test
EMOITA/data/1614327615912.wav,speaker_155,neutral,test
EMOITA/data/1616504754439.wav,speaker_168,neutral,test
EMOITA/data/1613057947766.wav,speaker_180,neutral,test
EMOITA/data/1620211100173.wav,speaker_180,neutral,test
EMOITA/data/1613491074663.wav,speaker_284,neutral,test
EMOITA/data/1613311120731.wav,speaker_214,neutral,test
EMOITA/data/1616245408259.wav,speaker_282,neutral,test
EMOITA/data/1613311239075.wav,speaker_214,neutral,test
EMOITA/data/1613840923086.wav,speaker_004,neutral,test
EMOITA/data/1614329839556.wav,speaker_054,neutral,test
EMOITA/data/1614332858875.wav,speaker_089,neutral,test
EMOITA/data/1616872339042.wav,speaker_180,neutral,test
EMOITA/data/1614120270009.wav,speaker_077,neutral,test
EMOITA/data/1616244732991.wav,speaker_282,neutral,test
EMOITA/data/1613400079694.wav,speaker_256,neutral,test
EMOITA/data/1613395973022.wav,speaker_255,neutral,test
EMOITA/data/1613320280309.wav,speaker_227,neutral,test
EMOITA/data/1614071612433.wav,speaker_074,neutral,test
EMOITA/data/1613412632533.wav,speaker_267,neutral,test
EMOITA/data/1613586117273.wav,speaker_307,neutral,test
EMOITA/data/1614071597735.wav,speaker_074,neutral,test
EMOITA/data/1615147296541.wav,speaker_355,neutral,test
EMOITA/data/1615123895733.wav,speaker_352,neutral,test
EMOITA/data/1614266358024.wav,speaker_051,neutral,test
EMOITA/data/1613319635687.wav,speaker_222,neutral,test
EMOITA/data/1613044769773.wav,speaker_168,neutral,test
EMOITA/data/1614114700635.wav,speaker_077,neutral,test
EMOITA/data/1614117793246.wav,speaker_077,neutral,test
EMOITA/data/1613420266137.wav,speaker_273,neutral,test
EMOITA/data/1614266106443.wav,speaker_051,neutral,test
EMOITA/data/1614452936836.wav,speaker_094,neutral,test
EMOITA/data/1616239735416.wav,speaker_398,neutral,test
EMOITA/data/1614329603261.wav,speaker_054,neutral,test
EMOITA/data/1617550665208.wav,speaker_415,neutral,test
EMOITA/data/1612871090517.wav,speaker_168,neutral,test
EMOITA/data/1615226428099.wav,speaker_146,neutral,test
EMOITA/data/1615408008437.wav,speaker_373,neutral,test
EMOITA/data/1616239058769.wav,speaker_398,neutral,test
EMOITA/data/1612871145506.wav,speaker_168,neutral,test
EMOITA/data/1614071435101.wav,speaker_074,neutral,test
EMOITA/data/1614513226352.wav,speaker_019,neutral,test
EMOITA/data/1616245755937.wav,speaker_282,neutral,test
EMOITA/data/1613822110593.wav,speaker_001,neutral,test
EMOITA/data/1613492647492.wav,speaker_288,neutral,test
EMOITA/data/1614604692192.wav,speaker_168,neutral,test
EMOITA/data/1613344682041.wav,speaker_132,neutral,test
EMOITA/data/1616239212060.wav,speaker_398,neutral,test
EMOITA/data/1614455134094.wav,speaker_288,neutral,test
EMOITA/data/1613586053374.wav,speaker_307,neutral,test
EMOITA/data/1614082200321.wav,speaker_038,neutral,test
EMOITA/data/1614266378778.wav,speaker_051,neutral,test
EMOITA/data/1614454311013.wav,speaker_288,neutral,test
EMOITA/data/1614537141947.wav,speaker_059,neutral,test
EMOITA/data/1614204777629.wav,speaker_077,neutral,test
EMOITA/data/1614721046244.wav,speaker_167,neutral,test
EMOITA/data/1616000012181.wav,speaker_180,neutral,test
EMOITA/data/1613412277591.wav,speaker_267,neutral,test
EMOITA/data/1614957222768.wav,speaker_342,neutral,test
EMOITA/data/1614958066152.wav,speaker_342,neutral,test
EMOITA/data/1613908837273.wav,speaker_004,neutral,test
EMOITA/data/1616245494562.wav,speaker_282,neutral,test
EMOITA/data/1617550014133.wav,speaker_415,neutral,test
EMOITA/data/1614515605279.wav,speaker_020,neutral,test
EMOITA/data/1617270927912.wav,speaker_118,neutral,test
EMOITA/data/1617270913980.wav,speaker_118,neutral,test
EMOITA/data/1613463317878.wav,speaker_278,neutral,test
EMOITA/data/1613840532900.wav,speaker_004,neutral,test
EMOITA/data/1615723621060.wav,speaker_381,neutral,test
EMOITA/data/1614359239861.wav,speaker_091,neutral,test
EMOITA/data/1616238950372.wav,speaker_398,neutral,test
EMOITA/data/1613423395045.wav,speaker_256,neutral,test
EMOITA/data/1617786786628.wav,speaker_420,neutral,test
EMOITA/data/1615226302484.wav,speaker_146,neutral,test
EMOITA/data/1613668767977.wav,speaker_319,neutral,test
EMOITA/data/1613061155203.wav,speaker_187,neutral,test
EMOITA/data/1616245820446.wav,speaker_282,neutral,test
EMOITA/data/1612871037341.wav,speaker_168,neutral,test
EMOITA/data/1613832742704.wav,speaker_135,neutral,test
EMOITA/data/1614537206295.wav,speaker_059,neutral,test
EMOITA/data/1620211070874.wav,speaker_180,neutral,test
EMOITA/data/1613412429459.wav,speaker_267,neutral,test
EMOITA/data/1613311095832.wav,speaker_214,neutral,test
EMOITA/data/1616251975078.wav,speaker_282,neutral,test
EMOITA/data/1614266555255.wav,speaker_051,neutral,test
EMOITA/data/1614359277210.wav,speaker_091,neutral,test
EMOITA/data/1614184325436.wav,speaker_288,neutral,test
EMOITA/data/1613061606171.wav,speaker_187,neutral,test
EMOITA/data/1614205766211.wav,speaker_077,neutral,test
EMOITA/data/1614359319465.wav,speaker_091,neutral,test
EMOITA/data/1613423230198.wav,speaker_256,neutral,test
EMOITA/data/1613319697481.wav,speaker_222,neutral,test
EMOITA/data/1616245097743.wav,speaker_282,neutral,test
EMOITA/data/1613070273669.wav,speaker_195,neutral,test
EMOITA/data/1613821719919.wav,speaker_001,neutral,test
EMOITA/data/1616239413416.wav,speaker_398,neutral,test
EMOITA/data/1613384892522.wav,speaker_253,neutral,test
EMOITA/data/1613422837509.wav,speaker_256,neutral,test
EMOITA/data/1614359266453.wav,speaker_091,neutral,test
EMOITA/data/1613412206313.wav,speaker_267,neutral,test
EMOITA/data/1615226485984.wav,speaker_146,neutral,test
EMOITA/data/1615231399859.wav,speaker_359,neutral,test
EMOITA/data/1613050882523.wav,speaker_168,neutral,test
EMOITA/data/1614117223986.wav,speaker_077,neutral,test
EMOITA/data/1620211155493.wav,speaker_180,neutral,test
EMOITA/data/1613346761217.wav,speaker_250,neutral,test
EMOITA/data/1615225799582.wav,speaker_146,neutral,test
EMOITA/data/1612871026347.wav,speaker_168,neutral,test
EMOITA/data/1614071369848.wav,speaker_074,neutral,test
EMOITA/data/1615388486283.wav,speaker_046,neutral,test
EMOITA/data/1612871109950.wav,speaker_168,neutral,test
EMOITA/data/1614116230809.wav,speaker_077,neutral,test
EMOITA/data/1616238985709.wav,speaker_398,neutral,test
EMOITA/data/1616252018935.wav,speaker_282,neutral,test
EMOITA/data/1620211088771.wav,speaker_180,neutral,test
EMOITA/data/1613340458014.wav,speaker_249,neutral,test
EMOITA/data/1616251738731.wav,speaker_282,neutral,test
EMOITA/data/1616239702861.wav,speaker_398,neutral,test
EMOITA/data/1612969363951.wav,speaker_172,neutral,test
EMOITA/data/1616504918027.wav,speaker_168,neutral,test
EMOITA/data/1616239626755.wav,speaker_398,neutral,test
EMOITA/data/1614957664116.wav,speaker_342,sadness,test
EMOITA/data/1614536900204.wav,speaker_059,sadness,test
EMOITA/data/1616239066531.wav,speaker_398,sadness,test
EMOITA/data/1616504894442.wav,speaker_168,sadness,test
EMOITA/data/1614359102300.wav,speaker_091,sadness,test
EMOITA/data/1614690757023.wav,speaker_026,sadness,test
EMOITA/data/1613399876561.wav,speaker_256,sadness,test
EMOITA/data/1613318104131.wav,speaker_220,sadness,test
EMOITA/data/1616239368849.wav,speaker_398,sadness,test
EMOITA/data/1613401196980.wav,speaker_256,sadness,test
EMOITA/data/1614453976278.wav,speaker_288,sadness,test
EMOITA/data/1613057878710.wav,speaker_168,sadness,test
EMOITA/data/1614196428332.wav,speaker_152,sadness,test
EMOITA/data/1617135460313.wav,speaker_413,sadness,test
EMOITA/data/1616245561850.wav,speaker_282,sadness,test
EMOITA/data/1620211112967.wav,speaker_180,sadness,test
EMOITA/data/1614359287762.wav,speaker_091,sadness,test
EMOITA/data/1613346904638.wav,speaker_250,sadness,test
EMOITA/data/1616244776459.wav,speaker_282,sadness,test
EMOITA/data/1613050033657.wav,speaker_168,sadness,test
EMOITA/data/1613346959417.wav,speaker_250,sadness,test
EMOITA/data/1614115493636.wav,speaker_077,sadness,test
EMOITA/data/1613466571648.wav,speaker_280,sadness,test
EMOITA/data/1615414691650.wav,speaker_180,sadness,test
EMOITA/data/1613400675898.wav,speaker_256,sadness,test
EMOITA/data/1613319225357.wav,speaker_221,sadness,test
EMOITA/data/1612993550984.wav,speaker_183,sadness,test
EMOITA/data/1614071408080.wav,speaker_074,sadness,test
EMOITA/data/1614205685891.wav,speaker_077,sadness,test
EMOITA/data/1617270792238.wav,speaker_118,sadness,test
EMOITA/data/1613319153077.wav,speaker_221,sadness,test
EMOITA/data/1616244761679.wav,speaker_282,sadness,test
EMOITA/data/1620211094535.wav,speaker_180,sadness,test
EMOITA/data/1614271333411.wav,speaker_288,sadness,test
EMOITA/data/1614115815473.wav,speaker_077,sadness,test
EMOITA/data/1616574347749.wav,speaker_406,sadness,test
EMOITA/data/1613061266900.wav,speaker_188,sadness,test
EMOITA/data/1613051958904.wav,speaker_168,sadness,test
EMOITA/data/1613384588104.wav,speaker_253,sadness,test
EMOITA/data/1614537273724.wav,speaker_059,sadness,test
EMOITA/data/1613840956316.wav,speaker_004,sadness,test
EMOITA/data/1616239361870.wav,speaker_398,sadness,test
EMOITA/data/1613051934787.wav,speaker_168,sadness,test
EMOITA/data/1613821840515.wav,speaker_001,sadness,test
EMOITA/data/1616239245467.wav,speaker_398,sadness,test
EMOITA/data/1613399890731.wav,speaker_256,sadness,test
EMOITA/data/1614515580373.wav,speaker_020,sadness,test
EMOITA/data/1613463166884.wav,speaker_278,sadness,test
EMOITA/data/1616504880890.wav,speaker_168,sadness,test
EMOITA/data/1613061141896.wav,speaker_187,sadness,test
EMOITA/data/1614196447828.wav,speaker_152,sadness,test
EMOITA/data/1616504825866.wav,speaker_168,sadness,test
EMOITA/data/1616505273320.wav,speaker_168,sadness,test
EMOITA/data/1616239252382.wav,speaker_398,sadness,test
EMOITA/data/1613069972781.wav,speaker_195,sadness,test
EMOITA/data/1613340538996.wav,speaker_249,sadness,test
EMOITA/data/1617550102621.wav,speaker_415,sadness,test
EMOITA/data/1613132296624.wav,speaker_200,sadness,test
EMOITA/data/1613821951982.wav,speaker_001,sadness,test
EMOITA/data/1613065748822.wav,speaker_067,sadness,test
EMOITA/data/1614071452158.wav,speaker_074,sadness,test
EMOITA/data/1615928245056.wav,speaker_387,sadness,test
EMOITA/data/1614189008899.wav,speaker_014,sadness,test
EMOITA/data/1613310989719.wav,speaker_214,sadness,test
EMOITA/data/1614205651734.wav,speaker_077,sadness,test
EMOITA/data/1616239420421.wav,speaker_398,sadness,test
EMOITA/data/1614453108010.wav,speaker_094,sadness,test
EMOITA/data/1616238942981.wav,speaker_398,sadness,test
EMOITA/data/1613821652380.wav,speaker_001,sadness,test
EMOITA/data/1613303201650.wav,speaker_210,sadness,test
EMOITA/data/1615388624862.wav,speaker_046,sadness,test
EMOITA/data/1615387691788.wav,speaker_371,sadness,test
EMOITA/data/1614204803604.wav,speaker_077,sadness,test
EMOITA/data/1615408169398.wav,speaker_373,sadness,test
EMOITA/data/1614329872349.wav,speaker_054,sadness,test
EMOITA/data/1613412389221.wav,speaker_267,sadness,test
EMOITA/data/1617550926053.wav,speaker_415,sadness,test
EMOITA/data/1614957572353.wav,speaker_342,sadness,test
EMOITA/data/1616239709922.wav,speaker_398,sadness,test
EMOITA/data/1613401007130.wav,speaker_256,sadness,test
EMOITA/data/1613492601261.wav,speaker_288,sadness,test
EMOITA/data/1613400474880.wav,speaker_256,sadness,test
EMOITA/data/1616252008331.wav,speaker_282,sadness,test
EMOITA/data/1615226354734.wav,speaker_146,sadness,test
EMOITA/data/1615226282857.wav,speaker_146,sadness,test
EMOITA/data/1613821674511.wav,speaker_001,sadness,test
EMOITA/data/1613303208888.wav,speaker_210,sadness,test
EMOITA/data/1614116912313.wav,speaker_077,sadness,test
EMOITA/data/1613340543872.wav,speaker_249,sadness,test
EMOITA/data/1613420216892.wav,speaker_273,sadness,test
EMOITA/data/1614266080323.wav,speaker_051,sadness,test
EMOITA/data/1617270891496.wav,speaker_118,sadness,test
EMOITA/data/1613847608700.wav,speaker_004,sadness,test
EMOITA/data/1616244463927.wav,speaker_282,sadness,test
EMOITA/data/1614117024424.wav,speaker_077,sadness,test
EMOITA/data/1614329813779.wav,speaker_054,sadness,test
EMOITA/data/1613064598001.wav,speaker_191,sadness,test
EMOITA/data/1613412597163.wav,speaker_267,sadness,test
EMOITA/data/1614455213529.wav,speaker_288,sadness,test
EMOITA/data/1615723659036.wav,speaker_381,sadness,test
EMOITA/data/1614720869846.wav,speaker_167,sadness,test
EMOITA/data/1613057182406.wav,speaker_180,sadness,test
EMOITA/data/1616244703238.wav,speaker_282,sadness,test
EMOITA/data/1613303044682.wav,speaker_210,sadness,test
EMOITA/data/1613668926062.wav,speaker_319,sadness,test
EMOITA/data/1616505214927.wav,speaker_168,sadness,test
EMOITA/data/1614721057108.wav,speaker_167,sadness,test
EMOITA/data/1614329751288.wav,speaker_054,sadness,test
EMOITA/data/1613420245955.wav,speaker_273,sadness,test
EMOITA/data/1613065108284.wav,speaker_191,sadness,test
EMOITA/data/1613668974808.wav,speaker_319,sadness,test
EMOITA/data/1612969382579.wav,speaker_172,sadness,test
EMOITA/data/1613908871392.wav,speaker_004,sadness,test
EMOITA/data/1613057986161.wav,speaker_180,sadness,test
EMOITA/data/1617550952557.wav,speaker_415,sadness,test
EMOITA/data/1613832864626.wav,speaker_135,sadness,test
EMOITA/data/1616504901860.wav,speaker_168,sadness,test
EMOITA/data/1613384931401.wav,speaker_253,sadness,test
EMOITA/data/1616239554504.wav,speaker_398,sadness,test
EMOITA/data/1614332994723.wav,speaker_089,sadness,test
EMOITA/data/1615928237000.wav,speaker_387,sadness,test
EMOITA/data/1617135509135.wav,speaker_413,sadness,test
EMOITA/data/1616251997805.wav,speaker_282,sadness,test
EMOITA/data/1613320349765.wav,speaker_227,sadness,test
EMOITA/data/1613585913658.wav,speaker_307,sadness,test
EMOITA/data/1613822076567.wav,speaker_001,sadness,test
EMOITA/data/1614957902273.wav,speaker_342,sadness,test
EMOITA/data/1616238999327.wav,speaker_398,sadness,test
EMOITA/data/1616244792765.wav,speaker_282,sadness,test
EMOITA/data/1616244746640.wav,speaker_282,sadness,test
EMOITA/data/1613318283076.wav,speaker_220,sadness,test
EMOITA/data/1616245445400.wav,speaker_282,sadness,test
EMOITA/data/1614721069009.wav,speaker_167,sadness,test
EMOITA/data/1614266096268.wav,speaker_051,sadness,test
EMOITA/data/1616238822814.wav,speaker_398,sadness,test
EMOITA/data/1615308190639.wav,speaker_363,sadness,test
EMOITA/data/1616239266601.wav,speaker_398,sadness,test
EMOITA/data/1615225845256.wav,speaker_146,sadness,test
EMOITA/data/1613419928191.wav,speaker_273,sadness,test
EMOITA/data/1616238959816.wav,speaker_398,sadness,test
EMOITA/data/1614690742807.wav,speaker_026,sadness,test
EMOITA/data/1616252101269.wav,speaker_282,sadness,test
EMOITA/data/1613420339451.wav,speaker_273,sadness,test
EMOITA/data/1612993577529.wav,speaker_183,sadness,test
EMOITA/data/1613346917517.wav,speaker_250,sadness,test
EMOITA/data/1614205641296.wav,speaker_077,sadness,test
EMOITA/data/1620210798000.wav,speaker_180,sadness,test
EMOITA/data/1614266473834.wav,speaker_051,sadness,test
EMOITA/data/1616504991495.wav,speaker_168,sadness,test
EMOITA/data/1613463305308.wav,speaker_278,sadness,test
EMOITA/data/1614266309793.wav,speaker_051,sadness,test
EMOITA/data/1616000163406.wav,speaker_180,sadness,test
EMOITA/data/1613064477481.wav,speaker_191,sadness,test
EMOITA/data/1613065063249.wav,speaker_191,sadness,test
EMOITA/data/1613346771644.wav,speaker_250,sadness,test
EMOITA/data/1614358937335.wav,speaker_091,sadness,test
EMOITA/data/1616505349374.wav,speaker_168,sadness,test
EMOITA/data/1614329857888.wav,speaker_054,sadness,test
EMOITA/data/1616505050845.wav,speaker_168,sadness,test
EMOITA/data/1613668901635.wav,speaker_319,sadness,test
EMOITA/data/1613400372836.wav,speaker_256,sadness,test
EMOITA/data/1616245084711.wav,speaker_282,sadness,test
EMOITA/data/1613323143474.wav,speaker_228,sadness,test
EMOITA/data/1614169471576.wav,speaker_038,sadness,test
EMOITA/data/1616916552937.wav,speaker_411,sadness,test
EMOITA/data/1614266281121.wav,speaker_051,sadness,test
EMOITA/data/1613491094583.wav,speaker_284,sadness,test
EMOITA/data/1616239561025.wav,speaker_398,sadness,test
EMOITA/data/1614116163137.wav,speaker_077,sadness,test
EMOITA/data/1614329527415.wav,speaker_054,sadness,test
EMOITA/data/1614329789532.wav,speaker_054,sadness,test
EMOITA/data/1613132848665.wav,speaker_200,sadness,test
EMOITA/data/1613400321533.wav,speaker_256,sadness,test
EMOITA/data/1615147276793.wav,speaker_355,sadness,test
EMOITA/data/1614204811104.wav,speaker_077,sadness,test
EMOITA/data/1613061625414.wav,speaker_187,sadness,test
EMOITA/data/1614604719713.wav,speaker_168,sadness,test
EMOITA/data/1614116925204.wav,speaker_077,sadness,test
EMOITA/data/1616872305491.wav,speaker_180,sadness,test
EMOITA/data/1615231542003.wav,speaker_359,sadness,test
EMOITA/data/1614204707615.wav,speaker_077,surprise,test
EMOITA/data/1613669026258.wav,speaker_319,surprise,test
EMOITA/data/1613821905580.wav,speaker_001,surprise,test
EMOITA/data/1613399950917.wav,speaker_256,surprise,test
EMOITA/data/1616239258555.wav,speaker_398,surprise,test
EMOITA/data/1613057174961.wav,speaker_180,surprise,test
EMOITA/data/1616505228460.wav,speaker_168,surprise,test
EMOITA/data/1614098159718.wav,speaker_329,surprise,test
EMOITA/data/1614114866430.wav,speaker_077,surprise,test
EMOITA/data/1613319189933.wav,speaker_221,surprise,test
EMOITA/data/1613057955944.wav,speaker_180,surprise,test
EMOITA/data/1617270876705.wav,speaker_118,surprise,test
EMOITA/data/1614604679287.wav,speaker_168,surprise,test
EMOITA/data/1613908816694.wav,speaker_004,surprise,test
EMOITA/data/1613314880847.wav,speaker_215,surprise,test
EMOITA/data/1613346877616.wav,speaker_250,surprise,test
EMOITA/data/1613579451031.wav,speaker_288,surprise,test
EMOITA/data/1617550819924.wav,speaker_415,surprise,test
EMOITA/data/1620210759580.wav,speaker_180,surprise,test
EMOITA/data/1614329644607.wav,speaker_054,surprise,test
EMOITA/data/1615388541713.wav,speaker_046,surprise,test
EMOITA/data/1616245989725.wav,speaker_282,surprise,test
EMOITA/data/1614116217758.wav,speaker_077,surprise,test
EMOITA/data/1616245932264.wav,speaker_282,surprise,test
EMOITA/data/1614266174087.wav,speaker_051,surprise,test
EMOITA/data/1613061075336.wav,speaker_186,surprise,test
EMOITA/data/1614958036464.wav,speaker_342,surprise,test
EMOITA/data/1614329705889.wav,speaker_054,surprise,test
EMOITA/data/1616239447908.wav,speaker_398,surprise,test
EMOITA/data/1617549886144.wav,speaker_415,surprise,test
EMOITA/data/1616505057267.wav,speaker_168,surprise,test
EMOITA/data/1613318246051.wav,speaker_220,surprise,test
EMOITA/data/1615999978288.wav,speaker_180,surprise,test
EMOITA/data/1614454141494.wav,speaker_288,surprise,test
EMOITA/data/1616872299334.wav,speaker_180,surprise,test
EMOITA/data/1613051923907.wav,speaker_168,surprise,test
EMOITA/data/1613401794742.wav,speaker_256,surprise,test
EMOITA/data/1613412356036.wav,speaker_267,surprise,test
EMOITA/data/1616872312133.wav,speaker_180,surprise,test
EMOITA/data/1614720887160.wav,speaker_167,surprise,test
EMOITA/data/1613400616053.wav,speaker_256,surprise,test
EMOITA/data/1614536961392.wav,speaker_059,surprise,test
EMOITA/data/1613064489479.wav,speaker_191,surprise,test
EMOITA/data/1614448060677.wav,speaker_046,surprise,test
EMOITA/data/1614329636829.wav,speaker_054,surprise,test
EMOITA/data/1614359350092.wav,speaker_091,surprise,test
EMOITA/data/1614329565170.wav,speaker_054,surprise,test
EMOITA/data/1614957207839.wav,speaker_342,surprise,test
EMOITA/data/1615927960901.wav,speaker_387,surprise,test
EMOITA/data/1616245296895.wav,speaker_282,surprise,test
EMOITA/data/1614204660496.wav,speaker_077,surprise,test
EMOITA/data/1614935141370.wav,speaker_340,surprise,test
EMOITA/data/1614189071413.wav,speaker_014,surprise,test
EMOITA/data/1613586182291.wav,speaker_307,surprise,test
EMOITA/data/1616872360768.wav,speaker_180,surprise,test
EMOITA/data/1616245045899.wav,speaker_282,surprise,test
EMOITA/data/1615927997239.wav,speaker_387,surprise,test
EMOITA/data/1615123844597.wav,speaker_352,surprise,test
EMOITA/data/1613303118206.wav,speaker_210,surprise,test
EMOITA/data/1613303103428.wav,speaker_210,surprise,test
EMOITA/data/1614604685931.wav,speaker_168,surprise,test
EMOITA/data/1613323125617.wav,speaker_228,surprise,test
EMOITA/data/1614690697811.wav,speaker_026,surprise,test
EMOITA/data/1616504887151.wav,speaker_168,surprise,test
EMOITA/data/1614116277169.wav,speaker_077,surprise,test
EMOITA/data/1616244952251.wav,speaker_282,surprise,test
EMOITA/data/1613065441127.wav,speaker_067,surprise,test
EMOITA/data/1616244379133.wav,speaker_282,surprise,test
EMOITA/data/1615231384405.wav,speaker_359,surprise,test
EMOITA/data/1617550851482.wav,speaker_415,surprise,test
EMOITA/data/1616245124743.wav,speaker_282,surprise,test
EMOITA/data/1613491211889.wav,speaker_284,surprise,test
EMOITA/data/1613344799158.wav,speaker_132,surprise,test
EMOITA/data/1614690709755.wav,speaker_026,surprise,test
EMOITA/data/1614359145898.wav,speaker_091,surprise,test
EMOITA/data/1616505253284.wav,speaker_168,surprise,test
EMOITA/data/1616505148931.wav,speaker_168,surprise,test
EMOITA/data/1616239275259.wav,speaker_398,surprise,test
EMOITA/data/1617270828829.wav,speaker_118,surprise,test
EMOITA/data/1614169365571.wav,speaker_038,surprise,test
EMOITA/data/1613669016946.wav,speaker_319,surprise,test
EMOITA/data/1616239391487.wav,speaker_398,surprise,test
EMOITA/data/1613132791599.wav,speaker_200,surprise,test
EMOITA/data/1617550239594.wav,speaker_415,surprise,test
EMOITA/data/1616916535339.wav,speaker_411,surprise,test
EMOITA/data/1613422962470.wav,speaker_256,surprise,test
EMOITA/data/1613491039846.wav,speaker_284,surprise,test
EMOITA/data/1614204874477.wav,speaker_077,surprise,test
EMOITA/data/1613065092218.wav,speaker_191,surprise,test
EMOITA/data/1616251790547.wav,speaker_282,surprise,test
EMOITA/data/1616238833680.wav,speaker_398,surprise,test
EMOITA/data/1616505092289.wav,speaker_168,surprise,test
EMOITA/data/1613401091448.wav,speaker_256,surprise,test
EMOITA/data/1614359008717.wav,speaker_091,surprise,test
EMOITA/data/1613061828823.wav,speaker_187,surprise,test
EMOITA/data/1616239426905.wav,speaker_398,surprise,test
EMOITA/data/1616872260626.wav,speaker_180,surprise,test
EMOITA/data/1616239671155.wav,speaker_398,surprise,test
EMOITA/data/1614513142874.wav,speaker_019,surprise,test
EMOITA/data/1614705966663.wav,speaker_046,surprise,test
EMOITA/data/1613132527754.wav,speaker_200,surprise,test
EMOITA/data/1616505354569.wav,speaker_168,surprise,test
EMOITA/data/1614359229602.wav,speaker_091,surprise,test
EMOITA/data/1613821804922.wav,speaker_001,surprise,test
EMOITA/data/1613051944794.wav,speaker_168,surprise,test
EMOITA/data/1614266319431.wav,speaker_051,surprise,test
EMOITA/data/1613064471005.wav,speaker_191,surprise,test
EMOITA/data/1613420083987.wav,speaker_273,surprise,test
EMOITA/data/1616239161647.wav,speaker_398,surprise,test
EMOITA/data/1613060995228.wav,speaker_185,surprise,test
EMOITA/data/1613412508077.wav,speaker_267,surprise,test
EMOITA/data/1614204673046.wav,speaker_077,surprise,test
EMOITA/data/1616245745436.wav,speaker_282,surprise,test
EMOITA/data/1616252144526.wav,speaker_282,surprise,test
EMOITA/data/1613323244910.wav,speaker_228,surprise,test
EMOITA/data/1616000072203.wav,speaker_180,surprise,test
EMOITA/data/1614196473707.wav,speaker_152,surprise,test
EMOITA/data/1614454946029.wav,speaker_288,surprise,test
EMOITA/data/1613401232914.wav,speaker_256,surprise,test
EMOITA/data/1614720957447.wav,speaker_167,surprise,test
EMOITA/data/1613395987215.wav,speaker_255,surprise,test
EMOITA/data/1615927985239.wav,speaker_387,surprise,test
EMOITA/data/1615927976034.wav,speaker_387,surprise,test
EMOITA/data/1616245706613.wav,speaker_282,surprise,test
EMOITA/data/1616244317108.wav,speaker_282,surprise,test
EMOITA/data/1614098081653.wav,speaker_329,surprise,test
EMOITA/data/1613340570396.wav,speaker_249,surprise,test
EMOITA/data/1613315006985.wav,speaker_215,surprise,test
EMOITA/data/1616252246548.wav,speaker_282,surprise,test
EMOITA/data/1613412586677.wav,speaker_267,surprise,test
EMOITA/data/1614661246730.wav,speaker_023,surprise,test
EMOITA/data/1614115622327.wav,speaker_077,surprise,test
EMOITA/data/1614604739414.wav,speaker_168,surprise,test
EMOITA/data/1615139452202.wav,speaker_354,surprise,test
EMOITA/data/1616504779426.wav,speaker_168,surprise,test
EMOITA/data/1616245865290.wav,speaker_282,surprise,test
EMOITA/data/1613402090906.wav,speaker_256,surprise,test
EMOITA/data/1613323164977.wav,speaker_228,surprise,test
EMOITA/data/1615408135086.wav,speaker_373,surprise,test
EMOITA/data/1613303031392.wav,speaker_210,surprise,test
EMOITA/data/1613412320832.wav,speaker_267,surprise,test
EMOITA/data/1613492549430.wav,speaker_288,surprise,test
EMOITA/data/1613400139172.wav,speaker_256,surprise,test
EMOITA/data/1616239766035.wav,speaker_398,surprise,test
EMOITA/data/1613420324825.wav,speaker_273,surprise,test
EMOITA/data/1616238876924.wav,speaker_398,surprise,test
EMOITA/data/1616238812662.wav,speaker_398,surprise,test
EMOITA/data/1614935170336.wav,speaker_340,surprise,test
EMOITA/data/1613384855126.wav,speaker_253,surprise,test
EMOITA/data/1615123831868.wav,speaker_352,surprise,test
EMOITA/data/1616505300581.wav,speaker_168,surprise,test
EMOITA/data/1614117177880.wav,speaker_077,surprise,test
EMOITA/data/1616239467474.wav,speaker_398,surprise,test
EMOITA/data/1616239497176.wav,speaker_398,surprise,test
EMOITA/data/1616239383403.wav,speaker_398,surprise,test
EMOITA/data/1614082158318.wav,speaker_038,surprise,test
EMOITA/data/1614204924302.wav,speaker_077,surprise,test
EMOITA/data/1616251949962.wav,speaker_282,surprise,test
EMOITA/data/1613422881316.wav,speaker_256,surprise,test
EMOITA/data/1612993525971.wav,speaker_183,surprise,test
EMOITA/data/1614266389200.wav,speaker_051,surprise,test
EMOITA/data/1613821821107.wav,speaker_001,surprise,test
EMOITA/data/1614196499838.wav,speaker_152,surprise,test
EMOITA/data/1613061195435.wav,speaker_187,surprise,test
EMOITA/data/1615231434303.wav,speaker_359,surprise,test
